{
  "variants": [
    {
      "seed": 0,
      "mse_frozen": 187.05812072753906,
      "mse_full": 116.33566284179688,
      "mse_warm": 149.1689453125,
      "prefix_change": 1.0,
      "pa_frozen": 0.03108232729711603,
      "pa_full_no_ds": 0.03368125419181757,
      "pa_stratified": 0.03259138162307176,
      "pa_full_ds": 0.059691482226693494,
      "raw_raw_ub": 0.03594483568075117,
      "raw_frozen": 0.03275905432595574,
      "raw_full": 0.0357981220657277,
      "raw_stratified": 0.03443578135479544,
      "dec_frozen": 0.03254946344735077,
      "dec_full_no_ds": 0.03491784037558685,
      "dec_stratified": 0.03458249496981891,
      "dec_full_ds": 0.03491784037558685
    },
    {
      "seed": 1,
      "mse_frozen": 185.4021759033203,
      "mse_full": 118.30052947998047,
      "mse_warm": 147.7606964111328,
      "prefix_change": 1.0,
      "pa_frozen": 0.03112424547283702,
      "pa_full_no_ds": 0.033031522468142185,
      "pa_stratified": 0.03250754527162978,
      "pa_full_ds": 0.06008970489604292,
      "raw_raw_ub": 0.03667840375586855,
      "raw_frozen": 0.03422619047619048,
      "raw_full": 0.03584004024144869,
      "raw_stratified": 0.03640593561368209,
      "dec_frozen": 0.03273809523809524,
      "dec_full_no_ds": 0.03533702213279678,
      "dec_stratified": 0.03437290409121395,
      "dec_full_ds": 0.03533702213279678
    },
    {
      "seed": 2,
      "mse_frozen": 183.87124633789062,
      "mse_full": 119.670654296875,
      "mse_warm": 146.520263671875,
      "prefix_change": 0.9983810037776578,
      "pa_frozen": 0.031291918175720995,
      "pa_full_no_ds": 0.03584004024144869,
      "pa_stratified": 0.033366867873910126,
      "pa_full_ds": 0.0625,
      "raw_raw_ub": 0.03607059020791415,
      "raw_frozen": 0.033157276995305164,
      "raw_full": 0.036384976525821594,
      "raw_stratified": 0.03550469483568075,
      "dec_frozen": 0.031522468142186455,
      "dec_full_no_ds": 0.03556757209926224,
      "dec_stratified": 0.034058517773306506,
      "dec_full_ds": 0.03556757209926224
    },
    {
      "seed": 3,
      "mse_frozen": 184.00270080566406,
      "mse_full": 118.40510559082031,
      "mse_warm": 144.9267120361328,
      "prefix_change": 0.9994603345925526,
      "pa_frozen": 0.028567236753856473,
      "pa_full_no_ds": 0.03550469483568075,
      "pa_stratified": 0.03252850435949028,
      "pa_full_ds": 0.060152582159624414,
      "raw_raw_ub": 0.035588531187122734,
      "raw_frozen": 0.031291918175720995,
      "raw_full": 0.03542085848423877,
      "raw_stratified": 0.03489688128772636,
      "dec_frozen": 0.03022300469483568,
      "dec_full_no_ds": 0.03560949027498323,
      "dec_stratified": 0.03426810865191147,
      "dec_full_ds": 0.03560949027498323
    },
    {
      "seed": 4,
      "mse_frozen": 185.1184539794922,
      "mse_full": 116.76944732666016,
      "mse_warm": 146.2139129638672,
      "prefix_change": 1.0,
      "pa_frozen": 0.03397468142186452,
      "pa_full_no_ds": 0.03529510395707579,
      "pa_stratified": 0.03527414486921529,
      "pa_full_ds": 0.061996981891348085,
      "raw_raw_ub": 0.03640593561368209,
      "raw_frozen": 0.03340878604963112,
      "raw_full": 0.03699279007377599,
      "raw_stratified": 0.03550469483568075,
      "dec_frozen": 0.03355549966465459,
      "dec_full_no_ds": 0.03609154929577465,
      "dec_stratified": 0.034854963112005366,
      "dec_full_ds": 0.03609154929577465
    }
  ]
}