{
  "ann": {
    "frozen": [
      0.00015,
      0.0005,
      0.0002,
      0.0003,
      0.00015
    ],
    "strat": [
      0.00015,
      0.0001,
      0.0003,
      0.0003,
      0.00015
    ],
    "full": [
      0.0002,
      0.0002,
      0.0002,
      0.0005,
      0.00015
    ]
  },
  "raw": {
    "frozen": [
      0.014413177762525738,
      0.014047128803477466,
      0.014184397163120567,
      0.014504690002287806,
      0.015099519560741249
    ],
    "strat": [
      0.0162434225577671,
      0.015374056280027453,
      0.014824982841455045,
      0.015602836879432624,
      0.015419812399908488
    ],
    "full": [
      0.015465568519789521,
      0.016884008236101578,
      0.016289178677648137,
      0.015968885838480898,
      0.016792495996339512
    ],
    "ub": [
      0.015053763440860216,
      0.01665522763669641,
      0.015831617478837795,
      0.015374056280027453,
      0.016197666437886067
    ]
  },
  "dec": {
    "frozen": [
      0.01130176161061542,
      0.011072981011210249,
      0.011027224891329216,
      0.01130176161061542,
      0.012125371768474034
    ],
    "strat": [
      0.011667810569663692,
      0.012582932967284374,
      0.011027224891329216,
      0.011667810569663692,
      0.012628689087165409
    ],
    "full_no_ds": [
      0.014184397163120567,
      0.012125371768474034,
      0.013452299245024023,
      0.012674445207046442,
      0.013406543125142988
    ],
    "full_ds": [
      0.0680393502630977,
      0.06767330130404942,
      0.06735300846488218,
      0.06456188515213909,
      0.06950354609929078
    ]
  },
  "mse": {
    "frozen": [
      28.679359436035156,
      29.07506561279297,
      28.21122932434082,
      29.87652587890625,
      28.587825775146484
    ],
    "strat": [
      24.021726608276367,
      22.665912628173828,
      23.871015548706055,
      22.933155059814453,
      22.87086296081543
    ],
    "full": [
      3.556953191757202,
      3.853543996810913,
      3.358156204223633,
      5.257565021514893,
      3.744565010070801
    ]
  },
  "pfx_chg": [
    0.0011,
    0.99978,
    0.00078,
    0.00142,
    0.00098
  ],
  "config": {
    "K": 16,
    "m": 4,
    "s": 2
  }
}